<metadata xml:lang="de"><Esri><CreaDate>20130225</CreaDate><CreaTime>12465000</CreaTime><ArcGISFormat>1.0</ArcGISFormat><SyncOnce>FALSE</SyncOnce><DataProperties><itemProps><itemName Sync="TRUE">Bodenlehrpfade</itemName><imsContentType Sync="TRUE">002</imsContentType><itemLocation><linkage Sync="TRUE">file://\\MSLI01-096\C$\batch\UmweltClip\OOE\Bodenlehrpfade.shp</linkage><protocol Sync="TRUE">Local Area Network</protocol></itemLocation><itemSize Sync="TRUE">0.000</itemSize></itemProps><coordRef><type Sync="TRUE">Projected</type><geogcsn Sync="TRUE">GCS_MGI</geogcsn><csUnits Sync="TRUE">Linear Unit: Meter (1.000000)</csUnits><projcsn Sync="TRUE">MGI_M31</projcsn><peXml Sync="TRUE">&lt;ProjectedCoordinateSystem xsi:type='typens:ProjectedCoordinateSystem' xmlns:xsi='http://www.w3.org/2001/XMLSchema-instance' xmlns:xs='http://www.w3.org/2001/XMLSchema' xmlns:typens='http://www.esri.com/schemas/ArcGIS/10.1'&gt;&lt;WKT&gt;PROJCS[&amp;quot;MGI_M31&amp;quot;,GEOGCS[&amp;quot;GCS_MGI&amp;quot;,DATUM[&amp;quot;D_MGI&amp;quot;,SPHEROID[&amp;quot;Bessel_1841&amp;quot;,6377397.155,299.1528128]],PRIMEM[&amp;quot;Greenwich&amp;quot;,0.0],UNIT[&amp;quot;Degree&amp;quot;,0.0174532925199433]],PROJECTION[&amp;quot;Transverse_Mercator&amp;quot;],PARAMETER[&amp;quot;False_Easting&amp;quot;,0.0],PARAMETER[&amp;quot;False_Northing&amp;quot;,-5000000.0],PARAMETER[&amp;quot;Central_Meridian&amp;quot;,13.33333333333333],PARAMETER[&amp;quot;Scale_Factor&amp;quot;,1.0],PARAMETER[&amp;quot;Latitude_Of_Origin&amp;quot;,0.0],UNIT[&amp;quot;Meter&amp;quot;,1.0]]&lt;/WKT&gt;&lt;XOrigin&gt;-5622500&lt;/XOrigin&gt;&lt;YOrigin&gt;-15001000&lt;/YOrigin&gt;&lt;XYScale&gt;450314931.24392509&lt;/XYScale&gt;&lt;ZOrigin&gt;-100000&lt;/ZOrigin&gt;&lt;ZScale&gt;10000&lt;/ZScale&gt;&lt;MOrigin&gt;-100000&lt;/MOrigin&gt;&lt;MScale&gt;10000&lt;/MScale&gt;&lt;XYTolerance&gt;0.001&lt;/XYTolerance&gt;&lt;ZTolerance&gt;0.001&lt;/ZTolerance&gt;&lt;MTolerance&gt;0.001&lt;/MTolerance&gt;&lt;HighPrecision&gt;true&lt;/HighPrecision&gt;&lt;/ProjectedCoordinateSystem&gt;</peXml></coordRef><lineage><Process ToolSource="c:\program files\arcgis\desktop10.0\ArcToolbox\Toolboxes\Conversion Tools.tbx\FeatureClassToFeatureClass" Date="20130225" Time="124653">FeatureClassToFeatureClass E:\Offene_Arbeiten\SDE\GTW\Boden\Bodenlehrpfade.shp "Database Connections\aaa_DORIS_U@SQLDORIST.sde\DORIS_U.GISDB.GEOWISSENSCHAFTEN" BODENLEHRPFADE # "Gemeinde "Gemeinde" true true false 254 Text 0 0 ,First,#,E:\Offene_Arbeiten\SDE\GTW\Boden\Bodenlehrpfade.shp,Gemeinde,-1,-1;Bodenlehrp "Bodenlehrp" true true false 254 Text 0 0 ,First,#,E:\Offene_Arbeiten\SDE\GTW\Boden\Bodenlehrpfade.shp,Bodenlehrp,-1,-1;Gemeindese "Gemeindese" true true false 254 Text 0 0 ,First,#,E:\Offene_Arbeiten\SDE\GTW\Boden\Bodenlehrpfade.shp,Gemeindese,-1,-1;x "x" true true false 16 Double 6 15 ,First,#,E:\Offene_Arbeiten\SDE\GTW\Boden\Bodenlehrpfade.shp,x,-1,-1;y "y" true true false 16 Double 6 15 ,First,#,E:\Offene_Arbeiten\SDE\GTW\Boden\Bodenlehrpfade.shp,y,-1,-1" #</Process><Process ToolSource="c:\program files\arcgis\desktop10.0\ArcToolbox\Toolboxes\Conversion Tools.tbx\FeatureClassToFeatureClass" Date="20130225" Time="125244">FeatureClassToFeatureClass "Database Connections\aaa_DORIS_U@SQLDORIST.sde\DORIS_U.GISDB.GEOWISSENSCHAFTEN\DORIS_U.GISDB.BODENLEHRPFADE" "Database Connections\aab_DORIS_U@SQLDORIS2k8.sde\DORIS_U.GISDB.GEOWISSENSCHAFTEN" BODENLEHRPFADE # "Gemeinde "Gemeinde" true true false 254 Text 0 0 ,First,#,Database Connections\aaa_DORIS_U@SQLDORIST.sde\DORIS_U.GISDB.GEOWISSENSCHAFTEN\DORIS_U.GISDB.BODENLEHRPFADE,Gemeinde,-1,-1;Bodenlehrp "Bodenlehrp" true true false 254 Text 0 0 ,First,#,Database Connections\aaa_DORIS_U@SQLDORIST.sde\DORIS_U.GISDB.GEOWISSENSCHAFTEN\DORIS_U.GISDB.BODENLEHRPFADE,Bodenlehrp,-1,-1;Gemeindese "Gemeindese" true true false 254 Text 0 0 ,First,#,Database Connections\aaa_DORIS_U@SQLDORIST.sde\DORIS_U.GISDB.GEOWISSENSCHAFTEN\DORIS_U.GISDB.BODENLEHRPFADE,Gemeindese,-1,-1;x "x" true true false 8 Double 6 16 ,First,#,Database Connections\aaa_DORIS_U@SQLDORIST.sde\DORIS_U.GISDB.GEOWISSENSCHAFTEN\DORIS_U.GISDB.BODENLEHRPFADE,x,-1,-1;y "y" true true false 8 Double 6 16 ,First,#,Database Connections\aaa_DORIS_U@SQLDORIST.sde\DORIS_U.GISDB.GEOWISSENSCHAFTEN\DORIS_U.GISDB.BODENLEHRPFADE,y,-1,-1" #</Process><Process ToolSource="c:\program files\arcgis\desktop10.0\ArcToolbox\Toolboxes\Data Management Tools.tbx\DeleteFeatures" Date="20130418" Time="142334">DeleteFeatures "Database Connections\aab_DORIS_U@SQLDORIS2k8.sde\DORIS_U.GISDB.GEOWISSENSCHAFTEN\DORIS_U.GISDB.BODENLEHRPFADE"</Process><Process ToolSource="c:\program files\arcgis\desktop10.0\ArcToolbox\Toolboxes\Data Management Tools.tbx\DeleteFeatures" Date="20130618" Time="150428">DeleteFeatures "Database Connections\aab_DORIS_U@SQLDORIS2k8.sde\DORIS_U.GISDB.GEOWISSENSCHAFTEN\DORIS_U.GISDB.BODENLEHRPFADE"</Process><Process ToolSource="c:\program files\arcgis\desktop10.0\ArcToolbox\Toolboxes\Data Management Tools.tbx\DeleteFeatures" Date="20130620" Time="075408">DeleteFeatures "Database Connections\aab_DORIS_U@SQLDORIS2k8.sde\DORIS_U.GISDB.GEOWISSENSCHAFTEN\DORIS_U.GISDB.BODENLEHRPFADE"</Process><Process ToolSource="c:\program files\arcgis\desktop10.0\ArcToolbox\Toolboxes\Data Management Tools.tbx\DeleteFeatures" Date="20131015" Time="144003">DeleteFeatures "Database Connections\aab_DORIS_U@SQLDORIS2k8.sde\DORIS_U.GISDB.GEOWISSENSCHAFTEN\DORIS_U.GISDB.BODENLEHRPFADE"</Process><Process ToolSource="c:\program files\arcgis\desktop10.0\ArcToolbox\Toolboxes\Data Management Tools.tbx\DeleteFeatures" Date="20131015" Time="161530">DeleteFeatures "Database Connections\aab_DORIS_U@SQLDORIS2k8.sde\DORIS_U.GISDB.GEOWISSENSCHAFTEN\DORIS_U.GISDB.BODENLEHRPFADE"</Process><Process ToolSource="c:\program files (x86)\arcgis\desktop10.2\ArcToolbox\Toolboxes\Conversion Tools.tbx\FeatureClassToFeatureClass" Date="20150927" Time="080310">FeatureClassToFeatureClass "Database Connections\Umwelt.sde\DORIS_U.GISDB.GEOWISSENSCHAFTEN\DORIS_U.GISDB.BODENLEHRPFADE" C:\batch\UmweltClip\OOE Bodenlehrpfade.shp # "Gemeinde "Gemeinde" true true false 254 Text 0 0 ,First,#,Database Connections\Umwelt.sde\DORIS_U.GISDB.GEOWISSENSCHAFTEN\DORIS_U.GISDB.BODENLEHRPFADE,Gemeinde,-1,-1;Bodenlehrp "Bodenlehrp" true true false 254 Text 0 0 ,First,#,Database Connections\Umwelt.sde\DORIS_U.GISDB.GEOWISSENSCHAFTEN\DORIS_U.GISDB.BODENLEHRPFADE,Bodenlehrp,-1,-1;Gemeindese "Gemeindese" true true false 254 Text 0 0 ,First,#,Database Connections\Umwelt.sde\DORIS_U.GISDB.GEOWISSENSCHAFTEN\DORIS_U.GISDB.BODENLEHRPFADE,Gemeindese,-1,-1;x "x" true true false 8 Double 6 16 ,First,#,Database Connections\Umwelt.sde\DORIS_U.GISDB.GEOWISSENSCHAFTEN\DORIS_U.GISDB.BODENLEHRPFADE,x,-1,-1;y "y" true true false 8 Double 6 16 ,First,#,Database Connections\Umwelt.sde\DORIS_U.GISDB.GEOWISSENSCHAFTEN\DORIS_U.GISDB.BODENLEHRPFADE,y,-1,-1" #</Process></lineage></DataProperties><SyncDate>20150927</SyncDate><SyncTime>08031000</SyncTime><ModDate>20150927</ModDate><ModTime>08031000</ModTime></Esri><dataIdInfo><envirDesc Sync="TRUE"> Version 6.2 (Build 9200) ; Esri ArcGIS 10.2.1.3553</envirDesc><dataLang><languageCode value="deu" Sync="TRUE"/><countryCode value="AUT" Sync="TRUE"/></dataLang><idCitation><resTitle Sync="TRUE">Bodenlehrpfade</resTitle><presForm><PresFormCd value="005" Sync="TRUE"/></presForm></idCitation><spatRpType><SpatRepTypCd value="001" Sync="TRUE"/></spatRpType></dataIdInfo><mdLang><languageCode value="deu" Sync="TRUE"/><countryCode value="AUT" Sync="TRUE"/></mdLang><distInfo><distFormat><formatName Sync="TRUE">Shapefile</formatName></distFormat><distTranOps><transSize Sync="TRUE">0.000</transSize></distTranOps></distInfo><mdHrLv><ScopeCd value="005" Sync="TRUE"/></mdHrLv><mdHrLvName Sync="TRUE">dataset</mdHrLvName><refSysInfo><RefSystem><refSysID><identCode code="0" Sync="TRUE" value="0"/></refSysID></RefSystem></refSysInfo><spatRepInfo><VectSpatRep><geometObjs Name="Bodenlehrpfade"><geoObjTyp><GeoObjTypCd value="004" Sync="TRUE"></GeoObjTypCd></geoObjTyp><geoObjCnt Sync="TRUE">0</geoObjCnt></geometObjs><topLvl><TopoLevCd value="001" Sync="TRUE"></TopoLevCd></topLvl></VectSpatRep></spatRepInfo><spdoinfo><ptvctinf><esriterm Name="Bodenlehrpfade"><efeatyp Sync="TRUE">Simple</efeatyp><efeageom code="1" Sync="TRUE"></efeageom><esritopo Sync="TRUE">FALSE</esritopo><efeacnt Sync="TRUE">0</efeacnt><spindex Sync="TRUE">FALSE</spindex><linrefer Sync="TRUE">FALSE</linrefer></esriterm></ptvctinf></spdoinfo><eainfo><detailed Name="Bodenlehrpfade"><enttyp><enttypl Sync="TRUE">Bodenlehrpfade</enttypl><enttypt Sync="TRUE">Feature Class</enttypt><enttypc Sync="TRUE">0</enttypc></enttyp><attr><attrlabl Sync="TRUE">FID</attrlabl><attalias Sync="TRUE">FID</attalias><attrtype Sync="TRUE">OID</attrtype><attwidth Sync="TRUE">4</attwidth><atprecis Sync="TRUE">0</atprecis><attscale Sync="TRUE">0</attscale><attrdef Sync="TRUE">Internal feature number.</attrdef><attrdefs Sync="TRUE">Esri</attrdefs><attrdomv><udom Sync="TRUE">Sequential unique whole numbers that are automatically generated.</udom></attrdomv></attr><attr><attrlabl Sync="TRUE">Gemeinde</attrlabl><attalias Sync="TRUE">Gemeinde</attalias><attrtype Sync="TRUE">String</attrtype><attwidth Sync="TRUE">254</attwidth><atprecis Sync="TRUE">0</atprecis><attscale Sync="TRUE">0</attscale></attr><attr><attrlabl Sync="TRUE">Bodenlehrp</attrlabl><attalias Sync="TRUE">Bodenlehrp</attalias><attrtype Sync="TRUE">String</attrtype><attwidth Sync="TRUE">254</attwidth><atprecis Sync="TRUE">0</atprecis><attscale Sync="TRUE">0</attscale></attr><attr><attrlabl Sync="TRUE">Gemeindese</attrlabl><attalias Sync="TRUE">Gemeindese</attalias><attrtype Sync="TRUE">String</attrtype><attwidth Sync="TRUE">254</attwidth><atprecis Sync="TRUE">0</atprecis><attscale Sync="TRUE">0</attscale></attr><attr><attrlabl Sync="TRUE">x</attrlabl><attalias Sync="TRUE">x</attalias><attrtype Sync="TRUE">Double</attrtype><attwidth Sync="TRUE">17</attwidth><atprecis Sync="TRUE">16</atprecis><attscale Sync="TRUE">6</attscale></attr><attr><attrlabl Sync="TRUE">y</attrlabl><attalias Sync="TRUE">y</attalias><attrtype Sync="TRUE">Double</attrtype><attwidth Sync="TRUE">17</attwidth><atprecis Sync="TRUE">16</atprecis><attscale Sync="TRUE">6</attscale></attr><attr><attrlabl Sync="TRUE">Shape</attrlabl><attalias Sync="TRUE">Shape</attalias><attrtype Sync="TRUE">Geometry</attrtype><attwidth Sync="TRUE">0</attwidth><atprecis Sync="TRUE">0</atprecis><attscale Sync="TRUE">0</attscale><attrdef Sync="TRUE">Feature geometry.</attrdef><attrdefs Sync="TRUE">ESRI</attrdefs><attrdomv><udom Sync="TRUE">Coordinates defining the features.</udom></attrdomv></attr></detailed></eainfo><mdDateSt Sync="TRUE">20150927</mdDateSt></metadata>
